Community,Region,Population
Alderbrook,North,4200
Bellmont,North,6100
Birch Hollow,East,3800
Carverton,South,5200
Clearwater,West,7400
Dalton Springs,North,4800
Eastgate,East,5200
Foxley,South,3500
Granton,West,6900
Hazelwood,North,5500
Hillcrest,East,4600
Kestrel Bay,West,31500
Linden,South,5200
Millbrook,North,6300
Norwood,East,4100
Orchard Park,South,5800
Pembrook,West,4400
Redcliff,North,5900
Silverdale,East,7100
Southport,South,4900
Thornbury,West,5600
Valeview,North,650
Westbridge,East,6600
Willow Creek,South,5000
Yarrow,West,4700
