booking_id,member_id,facility_id,activity,booking_date,hours,hourly_rate,status,hours_imputed,needs_review
5036,M1035,F06,Lane Swim,2026-09-26,2.0,8.0,completed,False,False
5103,M1049,F01,Lane Swim,2026-09-19,1.0,8.0,completed,False,False
5063,M1028,F04,Court Rental,2026-09-08,1.0,45.0,completed,False,False
5122,M1051,F02,Gym Drop-In,2026-09-18,1.0,10.0,completed,False,False
5113,M1018,F06,Lane Swim,2026-09-05,1.5,8.0,completed,False,False
5054,M1005,F03,Public Skate,2026-09-22,1.0,6.0,completed,False,False
5050,M1006,F04,Court Rental,2026-09-04,2.0,45.0,completed,False,False
5069,M1045,F05,Gym Drop-In,2026-09-16,1.5,10.0,completed,False,False
5006,M1049,F02,Gym Drop-In,2026-09-22,3.0,10.0,completed,False,False
5073,M1034,F03,Public Skate,2026-09-03,1.0,6.0,completed,False,False
5057,M1021,F02,Gym Drop-In,2026-09-14,1.0,10.0,completed,False,False
5059,M1037,F02,Fitness Class,2026-09-19,1.0,12.0,completed,False,False
5121,M1041,F04,Court Rental,2027-09-14,1.0,45.0,completed,False,True
5005,M1019,F03,Public Skate,2026-09-25,1.0,6.0,no-show,False,False
5074,M1052,F02,Fitness Class,2026-09-17,1.0,12.0,completed,False,False
5030,M1030,F06,Lane Swim,2026-09-20,1.0,8.0,completed,False,False
5047,M1012,F04,Court Rental,2026-09-15,2.0,45.0,completed,False,False
5052,M1013,F01,Lane Swim,2026-09-02,2.0,8.0,completed,False,False
5082,M1035,F03,Public Skate,2026-09-30,2.0,6.0,completed,False,False
5102,M1041,F03,Public Skate,2026-09-10,1.0,6.0,completed,False,False
5140,M1023,F01,Lane Swim,2026-09-24,2.0,8.0,completed,False,False
5089,M1014,F04,Court Rental,2026-09-26,24.0,45.0,completed,False,True
5029,M1016,F04,Court Rental,2026-09-02,2.0,45.0,completed,False,False
5068,M1042,F03,Public Skate,2026-09-29,2.0,6.0,completed,False,False
5116,M1047,F02,Gym Drop-In,2026-09-22,3.0,10.0,no-show,False,False
5070,M1058,F02,Gym Drop-In,2026-09-10,1.0,10.0,completed,False,False
5078,M1043,F04,Court Rental,2026-09-19,2.0,45.0,completed,False,False
5119,M1045,F04,Court Rental,2026-09-10,3.0,45.0,completed,False,False
5037,M1058,F05,Lane Swim,2026-09-19,1.5,8.0,completed,False,False
5049,M1028,F06,Lane Swim,2026-09-02,1.5,8.0,completed,False,False
5076,M1058,F05,Gym Drop-In,2026-09-26,3.0,10.0,no-show,False,False
5095,M1025,F06,Lane Swim,2026-09-01,1.0,8.0,completed,False,False
5115,M1015,F05,Fitness Class,2026-09-03,1.0,12.0,completed,False,False
5104,M1022,F05,Gym Drop-In,2026-09-22,2.0,10.0,completed,False,False
5132,M1038,F05,Gym Drop-In,2026-09-23,3.0,10.0,completed,False,False
5124,M1038,F05,Fitness Class,2026-09-15,1.5,12.0,completed,False,False
5126,M1023,F02,Gym Drop-In,2026-09-30,1.0,10.0,completed,False,False
5138,M1011,F04,Court Rental,2026-09-21,3.0,45.0,completed,False,False
5130,M1017,F03,Public Skate,2026-09-08,2.0,6.0,completed,False,False
5043,M1018,F06,Lane Swim,2026-09-25,1.0,8.0,completed,False,False
5023,M1009,F06,Lane Swim,2026-09-19,2.0,8.0,completed,False,False
5107,M1044,F06,Lane Swim,2026-09-20,1.0,8.0,completed,False,False
5042,M1057,F02,Fitness Class,2026-09-23,1.0,12.0,no-show,False,False
5112,M1035,F04,Court Rental,2026-09-11,2.0,45.0,completed,False,False
5018,M1005,F03,Public Skate,2026-09-29,1.5,6.0,cancelled,False,False
5021,M1047,F06,Lane Swim,2026-09-11,2.0,8.0,completed,False,False
5024,M1002,F01,Lane Swim,2026-09-23,1.5,8.0,completed,True,False
5086,M1050,F01,Lane Swim,2026-09-14,1.0,8.0,completed,False,False
5026,M1055,F06,Lane Swim,2026-09-15,1.0,8.0,completed,False,False
5099,M1001,F06,Lane Swim,2026-09-28,1.5,8.0,completed,True,False
5067,M1003,F01,Lane Swim,2026-09-25,1.0,8.0,completed,False,False
5110,M1055,F06,Lane Swim,2026-09-20,1.0,8.0,completed,False,False
5001,M1041,F02,Gym Drop-In,2026-09-04,1.0,10.0,completed,False,False
5039,M1039,F04,Court Rental,2026-09-14,1.0,45.0,no-show,False,False
5028,M1030,F01,Lane Swim,2026-09-16,1.0,8.0,completed,False,False
5016,M1028,F03,Public Skate,2026-09-29,1.5,6.0,completed,False,False
5046,M1003,F04,Court Rental,2026-09-04,2.0,45.0,completed,False,False
5079,M1003,F02,Fitness Class,2026-09-05,1.5,12.0,completed,False,False
5003,M1029,F04,Court Rental,2026-09-20,3.0,45.0,completed,False,False
5120,M1028,F05,Fitness Class,2026-09-03,1.0,12.0,cancelled,False,False
5100,M1018,F04,Court Rental,2026-09-18,1.0,45.0,completed,False,False
5058,M1020,F01,Lane Swim,2026-09-03,1.0,8.0,completed,False,False
5060,M1009,F02,Gym Drop-In,2026-09-26,1.0,10.0,completed,False,False
5044,M1007,F03,Public Skate,2026-09-30,1.0,6.0,completed,False,False
5129,M1040,F06,Lane Swim,2026-09-27,2.0,8.0,completed,False,False
5091,M1038,F05,Gym Drop-In,2026-09-26,3.0,10.0,completed,False,False
5065,M1038,F07,Gym Drop-In,2026-09-05,1.5,10.0,completed,False,False
5108,M1035,F06,Lane Swim,2026-09-21,1.0,8.0,completed,False,False
5090,M1016,F01,Lane Swim,2026-09-08,1.0,8.0,completed,False,False
5011,M1048,F04,Court Rental,2026-09-26,1.0,45.0,completed,False,False
5034,M1002,F06,Lane Swim,2026-09-16,,8.0,cancelled,False,True
5020,M1020,F02,Fitness Class,2026-09-22,1.5,12.0,cancelled,False,False
5098,M1035,F01,Lane Swim,2026-09-28,1.0,8.0,completed,False,False
5008,M1013,F03,Public Skate,2026-09-04,1.5,6.0,completed,True,False
5035,M1037,F05,Gym Drop-In,2026-09-11,1.5,10.0,completed,False,False
5094,M1017,F01,Lane Swim,2026-09-23,1.0,8.0,completed,False,False
5136,M1005,F03,Public Skate,2026-09-20,1.5,6.0,completed,False,False
5061,M1008,F02,Gym Drop-In,2026-09-21,3.0,10.0,completed,False,False
5031,M1014,F03,Public Skate,2026-09-21,2.0,6.0,cancelled,False,False
5053,M1022,F04,Court Rental,2026-09-26,2.0,45.0,completed,False,False
5123,M1013,F04,Court Rental,2026-09-29,2.0,45.0,completed,False,False
5072,M1026,F02,Fitness Class,2026-09-21,1.0,12.0,completed,False,False
5101,M1015,F01,Lane Swim,2026-09-10,1.0,8.0,completed,False,False
5137,M1040,F03,Public Skate,2026-09-25,2.0,6.0,completed,False,False
5109,M1045,F01,Lane Swim,2026-09-03,1.5,8.0,completed,False,False
5002,M1014,F01,Lane Swim,2026-09-07,1.5,8.0,cancelled,False,False
5081,M1017,F03,Public Skate,2026-09-20,1.5,6.0,completed,False,False
5097,M1030,F01,Lane Swim,2026-09-11,2.0,8.0,completed,False,False
5087,M1012,F01,Lane Swim,2026-09-04,1.0,8.0,completed,False,False
5051,M1002,F03,Public Skate,2026-09-23,1.0,6.0,completed,False,False
5040,M1043,F05,Fitness Class,2026-09-17,1.0,12.0,no-show,False,False
5096,M1047,F01,Lane Swim,2026-09-25,1.0,8.0,completed,False,False
5012,M1025,F07,Gym Drop-In,2026-09-07,3.0,10.0,completed,False,False
5128,M1022,F06,Lane Swim,2026-09-14,1.5,8.0,completed,False,False
5045,M1021,F02,Fitness Class,2026-09-25,1.5,12.0,completed,False,False
5088,M1059,F03,Public Skate,2026-09-08,1.5,6.0,completed,False,False
5106,M1037,F05,Lane Swim,2026-09-08,1.5,8.0,no-show,False,False
5019,M1038,F03,Public Skate,2026-09-30,1.5,6.0,no-show,False,False
5041,M1057,F06,Lane Swim,2026-09-09,1.5,8.0,completed,True,False
5010,M1033,F01,Lane Swim,2026-09-30,1.5,8.0,completed,False,False
5055,M1047,F04,Court Rental,2026-09-08,2.0,45.0,completed,False,False
5134,M1041,F02,Fitness Class,2026-09-06,1.5,12.0,completed,False,False
5033,M1049,F04,Court Rental,2026-09-12,1.0,45.0,cancelled,False,False
5139,M1037,F03,Public Skate,2026-09-06,2.0,6.0,completed,False,False
5004,M1025,F02,Gym Drop-In,2026-09-24,3.0,10.0,completed,False,False
5007,M1002,F01,Lane Swim,2026-09-15,1.5,8.0,completed,False,False
5118,M1037,F06,Lane Swim,2026-09-25,1.0,8.0,no-show,False,False
5117,M1051,F01,Lane Swim,2026-09-06,1.0,8.0,completed,False,False
5127,M1041,F03,Public Skate,2026-09-22,1.0,6.0,completed,False,False
5092,M1008,F01,Lane Swim,2026-09-15,1.0,8.0,completed,False,False
5075,M1038,F05,Fitness Class,2026-09-06,1.0,12.0,completed,False,False
5048,M1033,F03,Public Skate,2026-09-17,1.0,6.0,completed,False,False
5062,M1058,F04,Court Rental,2026-09-18,1.5,45.0,completed,True,False
5014,M1008,F06,Lane Swim,2026-09-13,1.0,8.0,completed,False,False
5133,M1047,F02,Gym Drop-In,2026-09-13,3.0,10.0,completed,False,False
5017,M1031,F01,Lane Swim,2026-09-08,1.0,8.0,completed,False,False
5066,M1006,F04,Court Rental,2026-09-08,3.0,45.0,completed,False,False
5093,M1017,F03,Public Skate,2026-09-02,1.5,6.0,completed,False,False
5125,M1041,F03,Public Skate,2026-09-01,2.0,6.0,completed,False,False
5111,M1012,F01,Lane Swim,2026-09-22,1.5,8.0,completed,False,False
5015,M1052,F03,Public Skate,2026-09-09,1.5,6.0,completed,False,False
5025,M1024,F04,Court Rental,2026-09-23,1.0,45.0,completed,False,False
5084,M1025,F05,Lane Swim,2026-09-24,1.5,8.0,completed,False,False
5131,M1017,F07,Gym Drop-In,2026-09-30,1.0,10.0,completed,False,False
5064,M1016,F02,Gym Drop-In,2026-09-10,3.0,10.0,completed,False,False
5077,M1035,F02,Fitness Class,2026-09-03,1.0,12.0,completed,False,False
5080,M1016,F02,Fitness Class,2026-09-14,1.0,12.0,no-show,False,False
5027,M1010,F06,Lane Swim,2026-09-09,1.5,8.0,completed,False,False
5013,M1060,F04,Court Rental,2026-09-26,2.0,45.0,cancelled,False,False
5071,M1042,F01,Lane Swim,2026-09-16,1.5,8.0,cancelled,False,False
5032,M1052,F04,Court Rental,2026-09-11,2.0,45.0,completed,False,False
5009,M1052,F06,Lane Swim,2026-09-29,2.0,8.0,completed,False,False
5085,M1019,F02,Gym Drop-In,2026-09-04,3.0,10.0,completed,False,False
5022,M1011,F05,Gym Drop-In,2026-09-08,1.0,10.0,completed,False,False
5114,M1017,F04,Court Rental,2026-09-23,2.0,45.0,completed,False,False
5083,M1036,F05,Gym Drop-In,2026-09-18,2.0,10.0,completed,False,False
5135,M1043,F03,Public Skate,2026-09-24,2.0,6.0,completed,False,False
5105,M1012,F01,Lane Swim,,1.0,8.0,completed,False,True
5056,M1051,F01,Lane Swim,2026-09-21,1.0,8.0,completed,False,False
5038,M1048,F05,Gym Drop-In,2026-09-13,1.5,10.0,completed,False,False
