student_id,section,exam_score,quiz_score,study_hours,attendance,commute_min,section_score
1,A,76.8,30.1,7.2,8,11,85.8
2,B,61.1,86.0,11.5,8,16,50.4
3,B,67.5,67.5,7.8,9,25,68.7
4,A,87.6,64.5,7.3,13,21,81.6
5,A,67.7,84.4,8.2,11,19,80.0
6,B,80.9,76.2,2.5,11,17,67.5
7,A,60.8,68.9,9.0,16,16,77.2
8,B,69.5,85.4,4.0,9,19,57.8
9,A,60.6,64.5,4.1,19,17,85.6
10,A,67.9,90.8,5.3,17,18,82.9
11,B,82.1,73.3,3.7,8,18,60.9
12,B,51.3,76.2,2.1,10,15,58.1
13,B,77.2,43.4,5.0,8,21,53.3
14,B,74.9,78.7,4.1,10,33,58.8
15,B,64.9,82.2,4.0,11,9,57.6
16,B,54.6,83.9,4.6,7,20,50.0
17,B,72.9,94.0,0.5,6,14,49.2
18,A,65.6,94.7,4.0,12,21,85.2
19,B,74.8,67.3,12.5,16,18,42.4
20,A,72.3,53.2,11.8,10,22,74.7
21,B,91.2,67.6,5.1,18,24,55.1
22,A,69.1,96.8,5.0,11,19,84.5
23,A,59.7,63.3,0.3,19,24,80.3
24,B,74.2,73.4,3.2,9,6,62.0
25,B,74.6,77.6,8.2,14,26,55.6
26,B,88.3,70.4,3.7,17,20,58.7
27,A,82.0,81.1,10.1,6,23,80.5
28,B,76.3,96.4,9.7,19,12,55.2
29,B,89.6,36.0,3.1,11,14,64.0
30,A,57.7,61.0,5.4,13,19,88.9
31,A,64.3,75.0,13.1,15,88,74.6
32,A,60.9,88.5,1.3,15,19,76.5
33,A,67.3,56.9,3.7,6,23,80.1
34,B,55.5,86.2,1.1,19,9,69.5
35,B,79.6,63.9,2.4,15,23,53.4
36,A,69.3,85.9,15.7,20,18,72.1
37,B,54.4,72.7,3.7,13,17,52.0
38,B,59.8,59.1,0.7,15,11,62.0
39,A,75.8,87.9,2.0,12,21,73.3
40,B,82.1,89.2,1.0,19,6,58.6
41,A,96.0,82.5,5.6,18,21,84.0
42,B,100.0,97.2,6.8,19,11,62.6
43,B,77.0,75.1,9.1,13,18,50.7
44,A,60.1,82.5,7.9,17,17,78.2
45,A,46.4,67.4,1.3,11,24,84.0
46,B,75.2,86.3,6.6,12,17,60.2
47,A,62.2,80.3,4.5,17,120,75.8
48,B,67.0,89.9,10.0,7,15,55.0
49,B,64.7,60.9,8.5,16,24,47.1
50,B,70.3,89.4,17.1,6,21,54.4
51,B,84.8,97.7,2.2,14,16,51.4
52,A,73.9,31.7,1.9,13,17,83.9
53,A,70.1,34.5,3.3,13,10,73.5
54,A,59.6,95.6,4.6,13,20,88.5
55,A,51.9,68.5,2.8,13,9,86.1
56,A,66.2,72.1,2.3,12,22,81.7
57,B,71.4,46.6,6.2,12,19,57.0
58,A,93.2,70.3,3.3,14,95,78.7
59,B,73.6,86.5,2.7,17,12,57.8
60,B,83.8,95.9,1.3,14,17,61.2
61,B,66.0,99.4,0.4,15,110,56.8
62,B,57.8,56.5,12.1,18,24,55.9
63,A,60.4,74.7,11.8,20,15,76.6
64,B,63.3,79.6,8.7,7,19,46.1
65,A,97.5,83.2,7.3,16,18,72.8
66,A,62.1,92.2,3.1,9,19,73.6
67,B,82.1,76.9,7.5,8,15,50.3
68,A,61.2,66.2,1.8,17,18,84.4
69,A,83.2,69.9,5.3,7,10,90.9
70,A,76.6,59.7,2.5,18,19,88.6
71,B,70.1,60.8,7.6,17,20,52.5
72,A,71.5,82.5,13.7,20,17,84.3
73,A,64.1,95.5,2.0,16,10,88.5
74,A,77.4,94.9,3.2,19,23,77.3
75,B,66.5,92.8,5.3,7,20,59.0
76,A,57.3,77.7,0.8,19,14,68.0
77,A,56.7,74.1,1.1,8,17,81.6
78,A,74.1,93.0,13.5,10,10,73.6
79,B,90.9,98.1,6.3,7,13,55.2
80,B,73.9,93.1,2.9,12,15,54.2
81,B,70.6,59.6,4.9,17,99,60.8
82,A,75.4,82.1,3.4,10,15,86.1
83,A,87.7,75.0,5.4,18,21,75.3
84,B,74.6,91.3,3.5,15,15,58.8
85,B,67.1,92.1,4.6,15,19,62.9
86,B,85.3,80.5,8.0,20,17,58.6
87,A,77.1,97.1,7.7,12,22,76.5
88,A,90.4,92.7,13.0,11,15,70.7
89,B,74.2,95.9,6.6,20,10,53.2
90,B,57.3,52.7,5.1,14,11,47.2
91,A,55.6,82.8,14.3,15,15,73.5
92,B,91.8,50.0,4.2,10,12,59.5
93,B,92.7,81.1,0.4,9,20,47.7
94,A,69.8,96.8,8.8,8,16,83.6
95,B,67.4,61.9,6.0,9,30,62.6
96,A,89.5,58.6,4.9,8,9,83.7
97,A,58.7,87.9,8.9,17,19,73.0
98,B,61.3,68.2,3.5,6,12,66.4
99,B,79.7,62.8,0.5,15,16,51.7
100,A,67.3,70.9,9.0,20,19,77.2
101,B,71.9,93.6,2.9,17,6,59.3
102,A,70.0,74.1,2.1,12,19,75.3
103,B,76.1,95.3,0.5,6,28,61.0
104,A,88.9,94.4,8.5,18,16,83.3
105,B,73.1,78.5,0.2,6,19,59.2
106,B,79.7,74.4,11.5,16,23,60.9
107,B,47.4,71.1,3.8,16,17,56.4
108,B,71.4,99.3,8.8,8,15,58.4
109,A,61.9,66.3,6.7,17,7,86.2
110,B,57.4,60.3,16.0,8,21,59.3
111,A,61.5,79.9,6.6,9,17,71.2
112,B,68.0,97.8,11.2,18,13,61.3
113,B,83.0,95.0,3.1,20,19,58.3
114,A,56.1,52.7,1.1,9,15,68.5
115,B,72.4,76.8,9.8,19,15,58.4
116,B,66.2,39.1,1.0,19,21,57.8
117,A,68.1,59.5,8.5,17,11,72.8
118,A,84.0,78.6,1.9,8,23,76.5
119,A,78.5,81.2,6.1,10,11,73.9
120,A,88.0,36.4,16.2,16,15,85.2
121,A,70.1,81.6,8.0,20,28,84.4
122,B,63.6,68.5,4.2,18,24,58.6
123,B,69.3,51.0,6.8,12,18,72.0
124,A,74.9,79.4,3.2,9,13,74.8
125,B,74.1,83.5,20.3,20,15,59.9
126,B,59.0,98.2,2.7,10,18,53.2
127,A,73.1,72.9,4.6,11,18,89.6
128,B,74.7,66.0,7.5,20,18,59.5
129,B,100.0,88.6,6.5,14,18,63.1
130,B,94.5,80.7,7.0,9,17,59.9
131,B,61.8,89.5,3.3,6,11,65.6
132,B,68.6,72.1,4.1,12,15,57.4
133,A,54.4,92.3,9.5,20,23,80.6
134,B,64.9,58.5,9.1,12,11,74.2
135,B,75.8,82.6,6.6,16,17,60.4
136,A,86.5,83.3,12.1,9,14,77.7
137,B,63.3,47.1,9.7,17,19,53.8
138,A,64.2,70.3,8.9,17,16,75.5
139,A,46.2,35.3,1.0,15,25,74.5
140,A,70.0,80.1,6.5,17,21,74.8
141,B,59.3,82.2,5.7,14,11,58.8
142,A,65.6,93.2,13.2,11,21,80.3
143,A,61.5,88.9,4.4,17,14,81.5
144,A,70.9,78.4,5.4,18,15,69.3
145,B,50.9,71.2,1.9,18,20,51.5
146,B,54.4,59.0,2.2,9,16,59.3
147,A,97.6,75.7,13.2,16,22,73.9
148,A,56.6,88.7,7.0,6,14,85.4
149,B,58.8,94.3,16.2,14,15,53.1
150,A,94.0,81.7,4.3,14,15,78.3
151,B,100.0,65.5,1.3,11,105,53.5
152,A,57.9,84.6,3.8,20,23,81.0
153,B,67.6,78.6,3.3,19,21,52.3
154,A,76.1,90.1,8.2,6,27,78.4
155,A,92.7,69.7,8.0,9,29,78.6
156,B,60.2,71.8,7.3,9,13,61.6
157,A,69.1,75.5,19.6,19,18,82.9
158,B,81.3,81.3,11.6,13,12,74.9
159,B,77.2,78.1,2.4,16,14,47.7
160,B,67.5,83.3,9.9,18,15,53.6
161,B,70.4,50.9,5.1,17,13,54.3
162,B,55.5,74.3,4.2,7,13,52.9
163,A,69.1,77.2,12.6,8,17,78.2
164,A,68.8,97.9,2.2,11,12,80.6
165,A,74.8,91.2,9.5,11,22,90.2
166,B,65.3,76.0,8.5,17,13,60.0
167,A,77.7,95.9,2.2,8,32,84.6
168,A,84.2,83.4,1.0,11,16,68.6
169,A,73.9,88.7,4.7,9,18,81.3
170,A,76.2,93.1,10.7,8,12,89.5
171,A,72.6,97.3,6.5,8,27,82.9
172,A,72.0,80.0,12.9,8,24,81.0
173,B,63.3,96.3,6.2,14,19,59.4
174,B,75.8,62.9,13.5,12,11,46.8
175,B,70.8,90.2,3.0,12,19,52.0
176,A,97.1,83.2,7.2,13,12,75.3
177,B,90.9,85.4,3.6,17,25,58.1
178,A,76.6,69.5,4.6,18,22,81.2
179,B,62.8,95.9,5.4,13,18,55.2
180,B,58.7,91.0,6.5,15,6,70.1
181,B,86.3,85.1,2.7,17,13,61.3
182,A,75.2,76.5,7.0,16,21,82.3
183,A,77.8,54.0,5.2,8,24,83.3
184,B,51.1,91.6,1.4,20,24,52.0
185,A,83.1,58.3,0.8,8,10,85.8
186,A,77.5,94.2,10.7,12,20,80.5
187,A,58.7,92.4,4.4,15,23,82.4
188,A,66.3,89.8,1.2,12,10,81.8
189,A,75.2,65.7,14.9,9,18,79.5
190,A,72.6,63.0,7.5,19,19,76.8
191,B,68.5,83.0,6.4,7,16,53.1
192,B,70.8,86.2,2.5,9,9,54.8
193,B,69.0,43.5,1.3,20,16,56.9
194,A,73.8,82.0,5.7,16,16,82.6
195,B,89.7,47.7,4.9,7,17,61.6
196,A,41.2,70.8,1.9,17,15,71.6
197,A,69.2,81.5,1.8,20,16,86.7
198,A,74.1,52.7,1.7,7,18,79.4
199,A,75.6,60.8,1.7,12,20,73.3
200,B,67.5,75.6,3.0,13,16,61.7
